[
  {
    "id": 1,
    "disc": "Я готов",
    "price": 120000,
    "iduser": 1,
    "idsender": 6,
    "idvacansie": "1",
    "date": "2024-06-18"
  },
  {
    "id": 2,
    "disc": "Я готов",
    "price": 12000,
    "iduser": 2,
    "idsender": 1,
    "idvacansie": "2",
    "date": "2024-06-18"
  },
  {
    "id": 3,
    "disc": "1",
    "price": 1,
    "iduser": 1,
    "idsender": 1,
    "idvacansie": "1",
    "date": "2024-06-18"
  },
  {
    "id": 4,
    "disc": "1",
    "price": 1,
    "iduser": 1,
    "idsender": 6,
    "idvacansie": "1",
    "date": "2024-06-18"
  }
]