[
  {
    "id": 1,
    "email": "Evgen@mail.ru",
    "name": "Евгений Евгеныч",
    "age": "20",
    "skills": "React, PHP",
    "about": "3",
    "password": "1",
    "price": "2500"
  },
  {
    "id": 2,
    "email": "PetyaPetuh@mail.ru",
    "name": "Петя Петушков",
    "age": "25",
    "skills": "VueJs, NodeJs, MINET",
    "about": "Мне 25 лет, я профи фулль стек разработчик из EKB.",
    "password": "1"
    ,"price": "1000"
  },
  {
    "id": 3,
    "email": "Ivani4@mail.ru",
    "name": "Иван Иваныч",
    "age": "21",
    "skills": "Design, Frotend",
    "about": "Vue.js + Vuex - User Registration and Login Tutorial... jasonwatmore.com›post/2018/07/14/vue-vuex-user-… Меню Vue Router. ... The vue router defines all of the routes for the application, and contains a function that runs before each route change to prevent unauthenticated users from accessing restricted routes. import Vue from 'vue'; import Router from 'vue-router' Читать ещё",
    "password": "3",
    "price": "1200"
  },
  {
    "id": 4,
    "email": "sergeimalekk@gmail.com",
    "name": "Сергей",
    "age": "17",
    "skills": "Vue, Node, Express",
    "about": "17y.o EKB Genius",
    "password": "1",
    "price": "300"
  },
  {
    "id": 5,
    "email": "sergeimalekk1@gmail.com",
    "name": "Сергей",
    "age": "17",
    "skills": "Vue, Node, Express",
    "about": "17y.o EKB Genius",
    "password": "1",
    "price": "500"
  },
  {
    "id": 6,
    "email": "1",
    "name": "1",
    "age": "1",
    "skills": "1",
    "about": "1",
    "password": "1",
    "price": "500"
  }
]