[
  {
    "id": 1,
    "userid": 1,
    "name": "Frontend Developer",
    "dist": "We are looking for a talented Frontend Developer with experience in Vue.js.",
    "price": "100000",
    "data": "2023-06-16"
  },
  {
    "id": 2,
    "userid": 2,
    "name": "Backend Developer",
    "dist": "We need a skilled Backend Developer with knowledge in Node.js and Express.",
    "price": "120000",
    "data": "2023-06-16"
  },
  {
    "id": 3,
    "name": "1",
    "dist": "1",
    "price": 1,
    "userid": 1,
    "date": "2024-06-16"
  },
  {
    "id": 4,
    "name": "1",
    "dist": "1",
    "price": 1,
    "userid": 1,
    "date": "2024-06-16"
  }
]